{"cameraMode":{"drawMode":0,"name":"Shaded","section":"Shading Mode"},"sceneLighting":true,"audioPlay":false,"sceneViewState":{"showFog":true,"showMaterialUpdate":true,"showSkybox":true,"showFlares":true,"showImageEffects":true,"showParticleSystems":true},"in2DMode":false,"pivot":{"x":12.536002159118653,"y":1.3765869140625,"z":-11.572237968444825},"rotation":{"x":-0.17867356538772584,"y":0.6871877908706665,"z":-0.18004727363586427,"w":-0.6808458566665649},"size":74.09977722167969,"orthographic":false}